case_id,event,actor,ts,handover_reason
CASE001,reassigned,ANL002,2026-01-05T09:15:00Z,
CASE001,reassigned,ANL001,2026-01-05T09:25:00Z,
CASE001,reassigned,ANL002,2026-01-05T09:35:00Z,
CASE001,reassigned,ANL001,2026-01-05T09:45:00Z,
CASE001,escalated,,2026-01-05T09:20:00Z,
CASE001,investigate,ANL001,2026-01-05T10:00:00Z,
CASE001,closed,,2026-01-05T12:00:00Z,
CASE002,investigate,ANL002,2026-01-05T09:30:00Z,
CASE002,closed,,2026-01-05T10:00:00Z,
CASE003,enriched,,2026-01-05T09:25:00Z,
CASE003,investigate,ANL003,2026-01-05T09:35:00Z,
CASE003,closed,,2026-01-05T09:50:00Z,
