case_id,event,actor,ts
CASE_D01,reassigned,ANL_D2,2026-04-01T08:15:00Z
CASE_D01,reassigned,ANL_D1,2026-04-01T08:25:00Z
CASE_D01,reassigned,ANL_D2,2026-04-01T08:35:00Z
CASE_D01,reassigned,ANL_D1,2026-04-01T08:45:00Z
CASE_D01,enriched,,2026-04-01T09:00:00Z
CASE_D01,investigate,ANL_D1,2026-04-01T09:30:00Z
CASE_D01,closed,,2026-04-01T12:00:00Z
CASE_D02,reassigned,ANL_D2,2026-04-01T08:15:00Z
CASE_D02,reassigned,ANL_D1,2026-04-01T08:25:00Z
CASE_D02,reassigned,ANL_D2,2026-04-01T08:35:00Z
CASE_D02,reassigned,ANL_D1,2026-04-01T08:45:00Z
CASE_D02,enriched,,2026-04-01T09:00:00Z
CASE_D02,investigate,ANL_D2,2026-04-01T09:30:00Z
CASE_D02,closed,,2026-04-01T12:00:00Z
CASE_D03,reassigned,ANL_D2,2026-04-01T08:15:00Z
CASE_D03,reassigned,ANL_D1,2026-04-01T08:25:00Z
CASE_D03,reassigned,ANL_D2,2026-04-01T08:35:00Z
CASE_D03,reassigned,ANL_D1,2026-04-01T08:45:00Z
CASE_D03,enriched,,2026-04-01T09:00:00Z
CASE_D03,investigate,ANL_D1,2026-04-01T09:30:00Z
CASE_D03,closed,,2026-04-01T12:00:00Z
CASE_D04,reassigned,ANL_D2,2026-04-01T08:15:00Z
CASE_D04,reassigned,ANL_D1,2026-04-01T08:25:00Z
CASE_D04,reassigned,ANL_D2,2026-04-01T08:35:00Z
CASE_D04,reassigned,ANL_D1,2026-04-01T08:45:00Z
CASE_D04,enriched,,2026-04-01T09:00:00Z
CASE_D04,investigate,ANL_D2,2026-04-01T09:30:00Z
CASE_D04,closed,,2026-04-01T12:00:00Z
CASE_D05,reassigned,ANL_D2,2026-04-01T08:15:00Z
CASE_D05,reassigned,ANL_D1,2026-04-01T08:25:00Z
CASE_D05,reassigned,ANL_D2,2026-04-01T08:35:00Z
CASE_D05,reassigned,ANL_D1,2026-04-01T08:45:00Z
CASE_D05,enriched,,2026-04-01T09:00:00Z
CASE_D05,investigate,ANL_D1,2026-04-01T09:30:00Z
CASE_D05,closed,,2026-04-01T12:00:00Z
CASE_D06,reassigned,ANL_D2,2026-04-01T08:15:00Z
CASE_D06,reassigned,ANL_D1,2026-04-01T08:25:00Z
CASE_D06,reassigned,ANL_D2,2026-04-01T08:35:00Z
CASE_D06,reassigned,ANL_D1,2026-04-01T08:45:00Z
CASE_D06,enriched,,2026-04-01T09:00:00Z
CASE_D06,investigate,ANL_D2,2026-04-01T09:30:00Z
CASE_D06,closed,,2026-04-01T12:00:00Z
CASE_D07,reassigned,ANL_D2,2026-04-01T08:15:00Z
CASE_D07,reassigned,ANL_D1,2026-04-01T08:25:00Z
CASE_D07,reassigned,ANL_D2,2026-04-01T08:35:00Z
CASE_D07,reassigned,ANL_D1,2026-04-01T08:45:00Z
CASE_D07,enriched,,2026-04-01T09:00:00Z
CASE_D07,investigate,ANL_D1,2026-04-01T09:30:00Z
CASE_D07,closed,,2026-04-01T12:00:00Z
CASE_D08,reassigned,ANL_D2,2026-04-01T08:15:00Z
CASE_D08,reassigned,ANL_D1,2026-04-01T08:25:00Z
CASE_D08,reassigned,ANL_D2,2026-04-01T08:35:00Z
CASE_D08,reassigned,ANL_D1,2026-04-01T08:45:00Z
CASE_D08,enriched,,2026-04-01T09:00:00Z
CASE_D08,investigate,ANL_D2,2026-04-01T09:30:00Z
CASE_D08,closed,,2026-04-01T12:00:00Z
CASE_D09,reassigned,ANL_D2,2026-04-01T08:15:00Z
CASE_D09,reassigned,ANL_D1,2026-04-01T08:25:00Z
CASE_D09,reassigned,ANL_D2,2026-04-01T08:35:00Z
CASE_D09,reassigned,ANL_D1,2026-04-01T08:45:00Z
CASE_D09,enriched,,2026-04-01T09:00:00Z
CASE_D09,investigate,ANL_D1,2026-04-01T09:30:00Z
CASE_D09,closed,,2026-04-01T12:00:00Z
CASE_D10,reassigned,ANL_D2,2026-04-01T08:15:00Z
CASE_D10,reassigned,ANL_D1,2026-04-01T08:25:00Z
CASE_D10,reassigned,ANL_D2,2026-04-01T08:35:00Z
CASE_D10,reassigned,ANL_D1,2026-04-01T08:45:00Z
CASE_D10,enriched,,2026-04-01T09:00:00Z
CASE_D10,investigate,ANL_D2,2026-04-01T09:30:00Z
CASE_D10,closed,,2026-04-01T12:00:00Z
