case_id,assigned_to,assignment_group,status,opened_at,closed_at
CASE_D01,ANL_D1,QUE_D1,OPEN,2026-04-01T08:00:00Z,2026-04-01T12:00:00Z
CASE_D02,ANL_D2,QUE_D1,OPEN,2026-04-01T08:00:00Z,2026-04-01T12:00:00Z
CASE_D03,ANL_D1,QUE_D1,OPEN,2026-04-01T08:00:00Z,2026-04-01T12:00:00Z
CASE_D04,ANL_D2,QUE_D1,OPEN,2026-04-01T08:00:00Z,2026-04-01T12:00:00Z
CASE_D05,ANL_D1,QUE_D1,OPEN,2026-04-01T08:00:00Z,2026-04-01T12:00:00Z
CASE_D06,ANL_D2,QUE_D1,OPEN,2026-04-01T08:00:00Z,2026-04-01T12:00:00Z
CASE_D07,ANL_D1,QUE_D1,OPEN,2026-04-01T08:00:00Z,2026-04-01T12:00:00Z
CASE_D08,ANL_D2,QUE_D1,OPEN,2026-04-01T08:00:00Z,2026-04-01T12:00:00Z
CASE_D09,ANL_D1,QUE_D1,OPEN,2026-04-01T08:00:00Z,2026-04-01T12:00:00Z
CASE_D10,ANL_D2,QUE_D1,OPEN,2026-04-01T08:00:00Z,2026-04-01T12:00:00Z
